[
    {"name": "The Godfather", "year": 1972},
    {"name": "The Shawshank Redemption", "year": 1994},
    {"name": "Pulp Fiction", "year": 1994},
    {"name": "The Dark Knight", "year": 2008},
    {"name": "Schindler's List", "year": 1993},
    {"name": "Casablanca", "year": 1942},
    {"name": "The Lord of the Rings: The Return of the King", "year": 2003},
    {"name": "Fight Club", "year": 1999},
    {"name": "Forrest Gump", "year": 1994},
    {"name": "Inception", "year": 2010},
    {"name": "Star Wars: Episode IV - A New Hope", "year": 1977},
    {"name": "The Matrix", "year": 1999},
    {"name": "Goodfellas", "year": 1990},
    {"name": "One Flew Over the Cuckoo's Nest", "year": 1975},
    {"name": "The Lord of the Rings: The Fellowship of the Ring", "year": 2001},
    {"name": "Se7en", "year": 1995},
    {"name": "The Silence of the Lambs", "year": 1991},
    {"name": "The Godfather: Part II", "year": 1974},
    {"name": "The Lord of the Rings: The Two Towers", "year": 2002},
    {"name": "The Empire Strikes Back", "year": 1980},
    {"name": "The Green Mile", "year": 1999},
    {"name": "The Pianist", "year": 2002},
    {"name": "Inglourious Basterds", "year": 2009},
    {"name": "The Departed", "year": 2006},
	{"name": "<script>alert('not sanitized')</script>", "year": 2023},
    {"name": "American History X", "year": 1998},
    {"name": "The Lion King", "year": 1994},
    {"name": "Gladiator", "year": 2000},
    {"name": "Saving Private Ryan", "year": 1998},
    {"name": "The Usual Suspects", "year": 1995},
    {"name": "Léon: The Professional", "year": 1994},
    {"name": "The Great Dictator", "year": 1940},
    {"name": "A Beautiful Mind", "year": 2001},
    {"name": "The Shining", "year": 1980},
    {"name": "Braveheart", "year": 1995},
    {"name": "Amélie", "year": 2001},
    {"name": "Eternal Sunshine of the Spotless Mind", "year": 2004},
    {"name": "The Godfather: Part III", "year": 1990},
    {"name": "Terminator 2: Judgment Day", "year": 1991},
    {"name": "The Intouchables", "year": 2011},
    {"name": "The Prestige", "year": 2006},
    {"name": "Reservoir Dogs", "year": 1992},
    {"name": "The Sixth Sense", "year": 1999},
    {"name": "The Social Network", "year": 2010},
    {"name": "Memento", "year": 2000},
    {"name": "The Avengers", "year": 2012},
    {"name": "The Wizard of Oz", "year": 1939},
    {"name": "Seven Samurai", "year": 1954},
    {"name": "Coco", "year": 2017},
    {"name": "The Dark Knight Rises", "year": 2012},
    {"name": "Back to the Future", "year": 1985},
    {"name": "The Lord of the Rings: The Return of the King", "year": 2003}
]
